Id,Predicted
CarRacing_public,11.642298895670487
CarRacing_private,11.642298895670487
