Id,Predicted
CarRacing_public,14.717540852299555
CarRacing_private,14.717540852299555
